id,date,user,pc,url,content
H0001,2010-01-04 12:11:00,DEMO001,PC-001,http://intranet.dtaa.com/home,company intranet
H0002,2010-01-05 12:12:00,DEMO001,PC-001,http://intranet.dtaa.com/home,company intranet
H0003,2010-01-06 12:13:00,DEMO001,PC-001,http://intranet.dtaa.com/home,company intranet
H0004,2010-01-07 12:14:00,DEMO001,PC-001,http://intranet.dtaa.com/home,company intranet
H0005,2010-01-04 12:15:00,DEMO002,PC-002,http://intranet.dtaa.com/home,company intranet
H0006,2010-01-05 12:16:00,DEMO002,PC-002,http://intranet.dtaa.com/home,company intranet
H0007,2010-01-06 12:17:00,DEMO002,PC-002,http://intranet.dtaa.com/home,company intranet
H0008,2010-01-07 12:18:00,DEMO002,PC-002,http://intranet.dtaa.com/home,company intranet
H0009,2010-01-04 12:19:00,DEMO003,PC-003,http://intranet.dtaa.com/home,company intranet
H0010,2010-01-05 12:20:00,DEMO003,PC-003,http://intranet.dtaa.com/home,company intranet
H0011,2010-01-06 12:21:00,DEMO003,PC-003,http://intranet.dtaa.com/home,company intranet
H0012,2010-01-07 12:22:00,DEMO003,PC-003,http://intranet.dtaa.com/home,company intranet
H0013,2010-01-04 12:23:00,DEMO004,PC-004,http://intranet.dtaa.com/home,company intranet
H0014,2010-01-05 12:24:00,DEMO004,PC-004,http://intranet.dtaa.com/home,company intranet
H0015,2010-01-06 12:25:00,DEMO004,PC-004,http://intranet.dtaa.com/home,company intranet
H0016,2010-01-07 12:26:00,DEMO004,PC-004,http://intranet.dtaa.com/home,company intranet
H0017,2010-01-04 12:27:00,DEMO_INS01,PC-005,http://intranet.dtaa.com/home,company intranet
H0018,2010-01-05 12:28:00,DEMO_INS01,PC-005,http://intranet.dtaa.com/home,company intranet
H0019,2010-01-06 12:29:00,DEMO_INS01,PC-005,http://intranet.dtaa.com/home,company intranet
H0020,2010-01-07 12:30:00,DEMO_INS01,PC-005,http://intranet.dtaa.com/home,company intranet
H0021,2010-01-11 23:25:00,DEMO_INS01,PC-005,http://www.monster.com/jobs/search,job postings
H0022,2010-01-11 23:45:00,DEMO_INS01,PC-005,http://www.dropbox.com/upload,cloud upload
H0023,2010-01-12 23:25:00,DEMO_INS01,PC-005,http://www.monster.com/jobs/search,job postings
H0024,2010-01-12 23:45:00,DEMO_INS01,PC-005,http://www.dropbox.com/upload,cloud upload
H0025,2010-01-13 23:25:00,DEMO_INS01,PC-005,http://www.monster.com/jobs/search,job postings
H0026,2010-01-13 23:45:00,DEMO_INS01,PC-005,http://www.dropbox.com/upload,cloud upload
